athlete,sport,theme,traits,story_summary,insight
Derek Redmond,Athletics,Resilience,"Perseverance, Courage","In the 1992 Olympics, Derek Redmond suffered a hamstring injury during the semi-final but continued toward the finish line with support from his father.","Resilience is sometimes about refusing to quit even when victory is impossible."
Rafael Nadal,Tennis,Comeback,"Mental Toughness, Discipline","Rafael Nadal repeatedly returned from serious injuries to win Grand Slam titles despite doubts about his longevity.","Long-term greatness often comes from persistence through setbacks."
MS Dhoni,Cricket,Calm Under Pressure,"Composure, Leadership","MS Dhoni became known for making calm decisions in high-pressure chases and finals.","Calm thinking under pressure creates trust and stability."
Michael Jordan,Basketball,Failure to Success,"Competitiveness, Determination","Michael Jordan was cut from his high school basketball team before becoming one of the greatest players ever.","Early rejection can become fuel for excellence."
Kobe Bryant,Basketball,Discipline,"Work Ethic, Focus","Kobe Bryant’s 'Mamba Mentality' reflected relentless practice, preparation, and obsession with improvement.","Consistency and discipline separate elite performers."
Cristiano Ronaldo,Football,Self-Belief,"Ambition, Discipline","Cristiano Ronaldo transformed himself through extraordinary physical discipline and self-confidence.","Talent grows when combined with relentless self-improvement."
Lionel Messi,Football,Overcoming Adversity,"Resilience, Humility","Messi overcame childhood growth hormone deficiency to become one of football’s greatest players.","Limitations do not define ultimate potential."
Usain Bolt,Athletics,Confidence,"Confidence, Focus","Usain Bolt balanced confidence and relaxation while dominating sprinting on the world stage.","Confidence performs best when combined with preparation."
Sachin Tendulkar,Cricket,Longevity,"Patience, Dedication","Sachin Tendulkar maintained excellence over 24 years despite enormous expectations from fans and media.","Sustained success requires patience and adaptability."
Novak Djokovic,Tennis,Mental Strength,"Focus, Adaptability","Djokovic repeatedly demonstrated the ability to recover mentally during long matches and difficult situations.","Mental recovery is often as important as physical skill."
Pep Guardiola,Football,Leadership,"Innovation, Strategy","Pep Guardiola transformed football teams through tactical innovation and player development.","Leadership involves creating systems that help others succeed."
Serena Williams,Tennis,Determination,"Confidence, Resilience","Serena Williams dominated women’s tennis while overcoming injuries, criticism, and intense scrutiny.","True champions respond to adversity with determination."
Muhammad Ali,Boxing,Courage,"Conviction, Confidence","Muhammad Ali stood by his beliefs even when it affected his boxing career.","Courage sometimes means protecting values over success."
Roger Federer,Tennis,Grace Under Pressure,"Composure, Elegance","Federer became admired for maintaining composure and sportsmanship under immense competitive pressure.","Greatness includes both performance and character."
Simone Biles,Gymnastics,Mental Health Awareness,"Self-Awareness, Courage","Simone Biles stepped back from Olympic events to prioritize mental health.","Strength includes knowing when to pause and protect well-being."
Tiger Woods,Golf,Comeback,"Resilience, Focus","Tiger Woods returned to win the 2019 Masters after years of injuries and personal struggles.","Comebacks are built through belief and persistence."
LeBron James,Basketball,Leadership,"Vision, Responsibility","LeBron James consistently balanced performance with leadership responsibilities on and off the court.","Leadership means elevating the entire team environment."
Diego Maradona,Football,Passion,"Creativity, Charisma","Maradona inspired millions through extraordinary skill and emotional intensity.","Passion can create unforgettable impact."
Virat Kohli,Cricket,Intensity,"Aggression, Commitment","Virat Kohli transformed India’s fitness and competitive culture through intensity and high standards.","Energy and standards can reshape team culture."
Tom Brady,American Football,Longevity,"Preparation, Consistency","Tom Brady maintained elite performance into his 40s through preparation and discipline.","Long careers are sustained through habits, not motivation alone."
